{
	"vertices": [0.747175, 2.01206, -0.747175, 1.0, 0.01206, -1.0, 0.747175, 2.01206, 0.747175, 1.0, 0.01206, 1.0, -0.747175, 2.01206, -0.747175, -1.0, 0.01206, -1.0, -0.747175, 2.01206, 0.747175, -1.0, 0.01206, 1.0, 1.0, 2.01206, 1.0, -1.0, 2.01206, 1.0, 1.0, 2.01206, -1.0, -1.0, 2.01206, -1.0, -1.0, 2.01206, -1.0, 1.0, 2.01206, -1.0, -0.747175, 2.01206, -0.747175, 0.747175, 2.01206, -0.747175, -1.0, 4.481281, -1.0, 1.0, 4.481281, -1.0, -0.747175, 4.481281, -0.747175, 0.747175, 4.481281, -0.747175, 1.0, 1.59114, -1.0, -1.0, 1.59114, 1.0, 1.0, 1.59114, 1.0, -1.0, 1.59114, -1.0, -0.585106, 0.01206, -1.0, -0.585106, 2.01206, 1.0, -0.585106, 0.01206, 1.0, -0.585106, 2.01206, -1.0, -0.437177, 2.01206, 0.747175, -0.437177, 2.01206, -0.747175, -0.585106, 2.01206, -1.0, -0.437177, 2.01206, -0.747175, -0.585106, 4.481281, -1.0, -0.437177, 4.481281, -0.747175, -0.585106, 1.59114, -1.0, -0.585106, 1.59114, 1.0, 0.587658, 0.01206, 1.0, 0.587658, 2.01206, -1.0, 0.439084, 2.01206, -0.747175, 0.587658, 2.01206, -1.0, 0.439084, 2.01206, -0.747175, 0.587658, 4.481281, -1.0, 0.439084, 4.481281, -0.747175, 0.587658, 1.59114, -1.0, 0.587658, 0.01206, -1.0, 0.587658, 2.01206, 1.0, 0.439084, 2.01206, 0.747175, 0.587658, 1.59114, 1.0, -1.0, 0.01206, 0.596626, 1.0, 2.01206, 0.596626, -1.0, 2.01206, 0.596626, 1.0, 0.01206, 0.596626, 0.747175, 2.01206, 0.445784, -0.747175, 2.01206, 0.445784, 1.0, 1.59114, 0.596626, -1.0, 1.59114, 0.596626, -0.585106, 0.01206, 0.596626, -0.437177, 2.01206, 0.445784, 0.439084, 2.01206, 0.445784, 0.587658, 0.01206, 0.596626, -1.0, 2.01206, -0.575576, 1.0, 0.01206, -0.575576, -0.747175, 2.01206, -0.430056, -1.0, 1.59114, -0.575576, -1.0, 0.01206, -0.575576, 1.0, 2.01206, -0.575576, 0.747175, 2.01206, -0.430056, 1.0, 1.59114, -0.575576, -0.585106, 0.01206, -0.575576, -0.437177, 2.01206, -0.430056, 0.439084, 2.01206, -0.430056, 0.587658, 0.01206, -0.575576],
	"texcoords": [0.656603, 0.531603, 0.375, 0.5, 0.656603, 0.718397, 0.375, 0.75, 0.843397, 0.531603, 0.125, 0.5, 0.843397, 0.718397, 0.375, 0.0, 0.625, 0.75, 0.625, 0.0, 0.625, 0.5, 0.625, 0.25, 0.875, 0.5, 0.625, 0.5, 0.843397, 0.531603, 0.656603, 0.531603, 0.625, 0.25, 0.625, 0.5, 0.843397, 0.531603, 0.656603, 0.531603, 0.572385, 0.5, 0.572385, 0.0, 0.572385, 0.75, 0.572385, 0.25, 0.176862, 0.5, 0.0, 0.0, 0.176862, 0.75, 0.625, 0.301862, 0.804647, 0.718397, 0.804647, 0.531603, 0.0, 0.0, 0.804647, 0.531603, 0.823138, 0.5, 0.804647, 0.531603, 0.572385, 0.301862, 0.572385, 0.948138, 0.323457, 0.75, 0.625, 0.448457, 0.695115, 0.531603, 0.0, 0.0, 0.695115, 0.531603, 0.676543, 0.5, 0.695115, 0.531603, 0.572385, 0.448457, 0.323457, 0.5, 0.0, 0.0, 0.695115, 0.718397, 0.572385, 0.801543, 0.125, 0.699578, 0.625, 0.699578, 0.625, 0.050422, 0.375, 0.699578, 0.656603, 0.680723, 0.843397, 0.680723, 0.572385, 0.699578, 0.572385, 0.050422, 0.176862, 0.699578, 0.804647, 0.680723, 0.695115, 0.680723, 0.323457, 0.699578, 0.625, 0.196947, 0.0, 0.0, 0.843397, 0.571243, 0.572385, 0.196947, 0.125, 0.553053, 0.0, 0.0, 0.0, 0.0, 0.572385, 0.553053, 0.176862, 0.553053, 0.804647, 0.571243, 0.695115, 0.571243, 0.0, 0.0],
	"normals": [0.0, 1.0, 0.0, 1.0, 0.0, 0.0, 0.0, 1.0, 0.0, 0.0, 0.0, 1.0, 0.0, 1.0, 0.0, 0.0, -1.0, 0.0, 0.0, 1.0, 0.0, -1.0, 0.0, 0.0, 0.0, 0.0, 1.0, -1.0, 0.0, 0.0, 1.0, 0.0, 0.0, 0.0, 0.0, -1.0, 0.0, 1.0, 0.0, 0.0, 1.0, 0.0, 0.0, 1.0, 0.0, 0.7071, 0.0, 0.7071, 0.0, 0.0, -1.0, 0.7071, 0.0, 0.7071, 0.0, 1.0, 0.0, 0.0, 0.0, 1.0, 1.0, 0.0, 0.0, -1.0, 0.0, 0.0, 0.0, 0.0, 1.0, 0.0, 0.0, -1.0, 0.9864, 0.0341, 0.1608, 0.9854, 0.0336, -0.1668, 0.0, -1.0, 0.0, 0.0, 0.0, -1.0, 0.0, 1.0, 0.0, 0.0, 1.0, 0.0, 0.9864, 0.0341, 0.1608, 0.0, 0.0, 1.0, 0.0, 1.0, 0.0, 0.0, 1.0, 0.0, 0.0, 0.0, -1.0, 0.0, 0.0, 1.0, -0.9859, 0.0331, -0.1642, 0.0, 0.0, -1.0, 0.0, 1.0, 0.0, -0.9868, 0.0336, 0.1583, 0.0, 0.0, 1.0, 0.0, 1.0, 0.0, 0.0, 1.0, 0.0, 0.0, 0.0, -1.0, -0.9868, 0.0336, 0.1583, -0.9859, 0.0331, -0.1642, 0.0, 1.0, 0.0, 0.0, 0.0, 1.0, 0.2201, 0.0457, 0.9744, 1.0, 0.0, 0.0, -1.0, 0.0, 0.0, 0.2209, -0.0455, -0.9742, 0.2209, -0.0455, -0.9742, 0.9854, 0.0336, -0.1668, 1.0, 0.0, 0.0, -1.0, 0.0, 0.0, 0.9854, 0.0336, -0.1668, 0.0, 1.0, 0.0, 0.0, 1.0, 0.0, -0.9859, 0.0331, -0.1642, -1.0, 0.0, 0.0, 0.2135, -0.044, 0.9759, -0.2127, -0.0441, 0.9761, -1.0, 0.0, 0.0, -0.2127, -0.0441, 0.9761, 0.2135, -0.044, 0.9759, 0.2135, -0.044, 0.9759, 1.0, 0.0, 0.0, 0.9864, 0.0341, 0.1608, 0.0, 1.0, 0.0, 0.0, 1.0, 0.0, 0.0, 0.0, 0.0],
	"indices": [57, 53, 6, 35, 25, 9, 63, 60, 11, 59, 51, 3, 54, 49, 8, 43, 37, 10, 28, 6, 9, 52, 2, 8, 62, 4, 11, 27, 11, 12, 12, 14, 18, 11, 4, 14, 38, 0, 15, 0, 10, 13, 42, 19, 17, 40, 15, 19, 15, 13, 17, 30, 12, 16, 44, 43, 20, 51, 54, 22, 64, 63, 23, 26, 35, 21, 5, 23, 34, 39, 30, 32, 14, 31, 33, 18, 33, 32, 4, 29, 31, 37, 27, 30, 46, 28, 25, 23, 11, 27, 48, 56, 26, 47, 45, 25, 58, 57, 28, 52, 58, 46, 22, 8, 45, 2, 46, 45, 10, 37, 39, 13, 39, 41, 3, 22, 47, 31, 40, 42, 33, 42, 41, 29, 38, 40, 34, 27, 37, 66, 70, 58, 70, 69, 57, 7, 21, 55, 6, 53, 50, 66, 52, 49, 67, 65, 49, 21, 9, 50, 69, 62, 53, 29, 4, 62, 44, 1, 61, 20, 10, 65, 0, 66, 65, 1, 20, 67, 5, 24, 68, 38, 29, 69, 0, 38, 70, 53, 62, 60, 55, 50, 60, 64, 68, 62, 13, 12, 14, 48, 56, 53, 56, 53, 25, 51, 59, 52, 59, 36, 45, 66, 39, 44, 61, 65, 66, 68, 24, 30]
}