{
	"vertices": [0.076115, 1.0, 0.080791, 0.076115, -1.0, 0.080791, 0.076115, 1.0, 1.0, 0.076115, -1.0, 1.0, -0.488634, 1.0, 0.080791, -0.488634, -1.0, 0.080791, -0.488634, 1.0, 1.0, -0.488634, -1.0, 1.0, 0.076115, 0.44186, -0.479629, -0.488634, 0.44186, 1.549289, 0.076115, 0.44186, 1.549289, -0.488634, 0.44186, -0.479629, 0.076115, -0.418605, -0.479629, 0.076115, -0.418605, 1.549289, -0.488634, -0.418605, -0.479629, -0.488634, -0.418605, 1.549289, -0.488634, 0.812482, 1.303915, 0.076115, 0.812482, -0.209735, 0.076115, 0.812482, 1.303915, -0.488634, 0.812482, -0.209735, 0.076115, -0.822364, -0.239537, 0.076115, -0.822364, 1.292293, -0.488634, -0.822364, -0.239537, -0.488634, -0.822364, 1.292293, -0.488634, -1.057179, 0.540396, 0.076115, 1.067643, 0.540396, -0.488634, 1.067643, 0.540396, 0.076115, -1.057179, 0.540396, 0.076115, 0.44186, 0.53483, -0.488634, 0.44186, 0.53483, -0.488634, -0.418605, 0.53483, 0.076115, -0.418605, 0.53483, 0.076115, 0.812482, 0.54709, -0.488634, 0.812482, 0.54709, 0.076115, -0.822364, 0.526378, -0.488634, -0.822364, 0.526378, -0.488634, 0.011628, 1.626784, 0.076115, 0.011628, -0.57201, 0.076115, 0.011628, 1.626784, -0.488634, 0.011628, -0.57201, -0.488634, 0.011628, 0.53483, 0.076115, 0.011628, 0.53483],
	"texcoords": [0.625, 0.5, 0.375, 0.5, 0.625, 0.75, 0.375, 0.75, 0.875, 0.5, 0.375, 0.25, 0.625, 0.0, 0.375, 0.0, 0.555233, 0.5, 0.555233, 0.0, 0.555233, 0.75, 0.555233, 0.25, 0.447674, 0.5, 0.447674, 0.75, 0.447674, 0.25, 0.447674, 1.0, 0.60156, 0.0, 0.60156, 0.5, 0.60156, 0.75, 0.60156, 0.25, 0.397205, 0.5, 0.397205, 0.75, 0.397204, 0.25, 0.397204, 0.0, 0.125, 0.625, 0.625, 0.625, 0.875, 0.625, 0.375, 0.625, 0.555233, 0.625, 0.555233, 0.125, 0.447674, 0.125, 0.447674, 0.625, 0.60156, 0.625, 0.60156, 0.125, 0.397205, 0.625, 0.397204, 0.125, 0.501453, 1.0, 0.501453, 0.5, 0.501453, 0.75, 0.501453, 0.25, 0.501453, 0.125, 0.501453, 0.625],
	"normals": [1.0, 0.0, 0.0, 0.0, -0.9923, -0.1235, 1.0, 0.0, 0.0, 1.0, 0.0, 0.0, 0.0, 0.9893, -0.1456, -1.0, 0.0, 0.0, -1.0, 0.0, 0.0, -1.0, 0.0, 0.0, 1.0, 0.0, 0.0, -1.0, 0.0, 0.0, 0.0, 0.1773, 0.9842, -1.0, 0.0, 0.0, 0.0, -0.2099, -0.9777, 1.0, 0.0, 0.0, -1.0, 0.0, 0.0, -0.0, -0.1773, 0.9842, -1.0, 0.0, 0.0, 1.0, 0.0, 0.0, 0.0, 0.552, 0.8338, -1.0, 0.0, 0.0, 1.0, 0.0, 0.0, 0.0, -0.8546, 0.5193, -1.0, 0.0, 0.0, -1.0, 0.0, 0.0, 0.0, -0.9923, -0.1235, 0.0, 0.9893, -0.1456, 0.0, 0.9893, -0.1456, 0.0, -0.9923, -0.1235, 1.0, 0.0, 0.0, -1.0, 0.0, 0.0, -1.0, 0.0, 0.0, 1.0, 0.0, 0.0, 1.0, 0.0, 0.0, -1.0, 0.0, 0.0, 1.0, 0.0, 0.0, -1.0, 0.0, 0.0, -0.0, -0.1773, 0.9842, 0.0, -0.2099, -0.9777, 1.0, 0.0, 0.0, 0.0, -0.2099, -0.9777, -1.0, 0.0, 0.0, 1.0, 0.0, 0.0],
	"indices": [26, 2, 25, 2, 16, 18, 33, 4, 19, 27, 7, 24, 32, 2, 18, 4, 17, 19, 11, 37, 39, 41, 10, 38, 40, 11, 39, 10, 36, 38, 13, 23, 21, 30, 22, 35, 31, 21, 34, 14, 20, 22, 19, 8, 11, 28, 18, 10, 29, 19, 11, 18, 9, 10, 22, 1, 5, 34, 3, 27, 35, 5, 24, 21, 7, 3, 7, 35, 24, 1, 34, 27, 16, 29, 9, 17, 28, 8, 20, 31, 34, 23, 30, 35, 9, 40, 36, 8, 41, 37, 0, 32, 17, 1, 24, 5, 6, 33, 16, 4, 25, 0, 12, 41, 31, 15, 40, 30, 38, 15, 13, 40, 14, 30, 41, 13, 31, 39, 12, 14, 26, 6, 2, 2, 6, 16, 33, 26, 4, 27, 3, 7, 32, 25, 2, 4, 0, 17, 11, 8, 37, 41, 28, 10, 40, 29, 11, 10, 9, 36, 13, 15, 23, 30, 14, 22, 31, 13, 21, 14, 12, 20, 19, 17, 8, 28, 32, 18, 29, 33, 19, 18, 16, 9, 22, 20, 1, 34, 21, 3, 35, 22, 5, 21, 23, 7, 7, 23, 35, 1, 20, 34, 16, 33, 29, 17, 32, 28, 20, 12, 31, 23, 15, 30, 9, 29, 40, 8, 28, 41, 0, 25, 32, 1, 27, 24, 6, 26, 33, 4, 26, 25, 12, 37, 41, 15, 36, 40, 38, 36, 15, 40, 39, 14, 41, 38, 13, 39, 37, 12]
}